date,service,region,cost_usd,cost_inr,cpu_utilization,idle_cost_inr,has_required_tags,tag_compliance_score,is_covered_by_ri_sp,ri_sp_utilization,rightsizing_opportunity,potential_rightsizing_savings_inr,storage_class,storage_optimization,owner_team,environment,requests_per_day,unit_cost_per_1k_requests_inr,monthly_budget_inr,daily_budget_inr,budget_variance_inr,budget_variance_pct,is_cost_anomaly,active_cost_inr,waste_rate_pct,year_month,quarter
2024-01-13,EC2,us-east-1,75.53,6280.16,47.69,3285.25,False,0,False,0.0,Optimal,0.0,N/A,N/A,DevOps,Staging,184083,34.1159,140000,4666.67,1613.49,34.57,False,2994.91,52.31156531043795,2024-01,2024Q1
2024-01-14,RDS,us-east-1,107.85,8967.54,81.59,1651.24,True,100,True,88.23,Optimal,0.0,N/A,N/A,DataScience,Development,113412,79.0704,110000,3666.67,5300.87,144.57,False,7316.300000000001,18.41352254910488,2024-01,2024Q1
2024-01-21,EC2,ap-south-1,139.75,11620.55,88.36,1352.16,True,100,False,0.0,Optimal,0.0,N/A,N/A,Product,Production,176967,65.665,140000,4666.67,6953.88,149.01,True,10268.39,11.635938058009303,2024-01,2024Q1
2024-01-23,EC2,ap-south-1,115.54,9607.43,47.18,5074.44,True,100,False,0.0,Optimal,0.0,N/A,N/A,Marketing,Production,84387,113.8497,140000,4666.67,4940.76,105.87,False,4532.990000000001,52.81787116846024,2024-01,2024Q1
2024-02-03,EC2,us-east-1,138.65,11528.93,75.59,2814.27,False,0,False,0.0,Optimal,0.0,N/A,N/A,Engineering,Production,101854,113.1908,140000,4666.67,6862.27,147.05,False,8714.66,24.41050470425269,2024-02,2024Q1
2024-02-05,RDS,us-east-1,111.9,9304.67,57.62,3943.44,False,0,False,0.0,Optimal,0.0,N/A,N/A,Product,Production,284802,32.6707,110000,3666.67,5638.01,153.76,False,5361.23,42.38129885315654,2024-02,2024Q1
2024-02-10,ECS,us-east-1,66.51,5530.06,81.83,1005.0,True,100,False,0.0,Optimal,0.0,N/A,N/A,Product,Development,189817,29.1336,75000,2500.0,3030.06,121.2,False,4525.06,18.173401373583648,2024-02,2024Q1
2024-02-11,RDS,ap-south-1,139.69,11615.49,73.05,3130.92,False,0,False,0.0,Optimal,0.0,N/A,N/A,Product,Development,161015,72.1392,110000,3666.67,7948.82,216.79,True,8484.57,26.95469584150131,2024-02,2024Q1
2024-02-19,Lambda,us-east-1,33.65,2798.05,0.0,559.61,True,100,False,0.0,Optimal,0.0,N/A,N/A,Marketing,Development,190155,14.7146,28000,933.33,1864.72,199.79,True,2238.44,20.0,2024-02,2024Q1
2024-02-24,ECS,us-west-2,88.41,7351.69,93.02,513.2,True,100,False,0.0,Upsize,0.0,N/A,N/A,Engineering,Production,197726,37.1812,75000,2500.0,4851.69,194.07,False,6838.49,6.980707837245586,2024-02,2024Q1
2024-02-29,RDS,ap-south-1,146.26,12161.58,66.66,4055.22,True,100,True,95.44,Optimal,0.0,N/A,N/A,Marketing,Production,233399,52.1064,110000,3666.67,8494.91,231.68,True,8106.360000000001,33.344516090836876,2024-02,2024Q1
2024-03-05,S3,us-west-2,51.42,4275.56,0.0,855.11,True,100,False,0.0,Optimal,1282.67,Standard,Move to IA/Glacier,DataScience,Staging,92787,46.0793,45000,1500.0,2775.56,185.04,False,3420.4500000000003,19.999953222501844,2024-03,2024Q1
2024-03-06,S3,us-east-1,35.78,2975.22,0.0,595.04,False,0,False,0.0,Optimal,892.57,Standard,Move to IA/Glacier,Marketing,Production,30214,98.4716,45000,1500.0,1475.22,98.35,False,2380.18,19.999865556160554,2024-03,2024Q1
2024-03-09,EC2,us-west-2,116.21,9662.96,65.71,3313.69,True,100,True,91.48,Optimal,0.0,N/A,N/A,DevOps,Production,187226,51.6112,140000,4666.67,4996.29,107.06,False,6349.269999999999,34.292701201288224,2024-03,2024Q1
2024-03-10,ECS,us-west-2,90.87,7556.06,82.97,1287.06,True,100,False,0.0,Optimal,0.0,N/A,N/A,Engineering,Staging,76705,98.5081,75000,2500.0,5056.06,202.24,False,6269.0,17.03348041174898,2024-03,2024Q1
2024-03-14,Lambda,ap-south-1,18.66,1551.46,0.0,310.29,False,0,False,0.0,Optimal,0.0,N/A,N/A,Engineering,Production,112193,13.8285,28000,933.33,618.12,66.23,False,1241.17,19.999871089167623,2024-03,2024Q1
2024-03-17,Lambda,us-east-1,40.38,3357.44,0.0,671.49,True,100,False,0.0,Optimal,0.0,N/A,N/A,Product,Development,81485,41.2032,28000,933.33,2424.11,259.73,True,2685.95,20.000059569195578,2024-03,2024Q1
2024-03-18,S3,ap-south-1,46.26,3846.69,0.0,769.34,False,0,False,0.0,Optimal,0.0,Glacier,Optimized,DevOps,Production,27161,141.6254,45000,1500.0,2346.69,156.45,False,3077.35,20.000051992752212,2024-03,2024Q1
2024-03-21,ECS,us-east-1,77.89,6476.52,80.76,1245.9,True,100,False,0.0,Optimal,0.0,N/A,N/A,Engineering,Development,117993,54.8891,75000,2500.0,3976.52,159.06,False,5230.620000000001,19.237182931574363,2024-03,2024Q1
2024-03-23,EC2,ap-south-1,128.54,10687.72,69.86,3220.93,True,100,True,92.28,Optimal,0.0,N/A,N/A,DataScience,Production,77289,138.2825,140000,4666.67,6021.05,129.02,False,7466.789999999999,30.136736366596427,2024-03,2024Q1
2024-03-27,S3,us-east-1,39.76,3305.69,0.0,661.14,True,100,False,0.0,Optimal,991.71,Standard,Move to IA/Glacier,Engineering,Production,12284,269.105,45000,1500.0,1805.69,120.38,False,2644.55,20.000060501740936,2024-03,2024Q1
2024-03-29,Lambda,us-west-2,28.48,2368.46,0.0,473.69,True,100,False,0.0,Optimal,0.0,N/A,N/A,Marketing,Development,148838,15.913,28000,933.33,1435.13,153.76,False,1894.77,19.999915556944174,2024-03,2024Q1
2024-04-03,S3,us-east-1,57.31,4765.11,0.0,953.02,True,100,False,0.0,Optimal,0.0,IA,Optimized,DevOps,Production,81992,58.1167,45000,1500.0,3265.11,217.67,False,3812.0899999999997,19.999958028251186,2024-04,2024Q2
2024-04-06,RDS,ap-south-1,99.51,8273.89,58.36,3445.06,True,100,True,86.29,Optimal,0.0,N/A,N/A,DevOps,Production,388906,21.2748,110000,3666.67,4607.22,125.65,False,4828.83,41.637730257472604,2024-04,2024Q2
2024-04-08,EC2,ap-south-1,156.3,12996.54,63.09,4796.51,True,100,True,88.81,Optimal,0.0,N/A,N/A,DataScience,Development,51950,250.1739,140000,4666.67,8329.87,178.5,False,8200.03,36.906053457304786,2024-04,2024Q2
2024-04-16,ECS,ap-south-1,86.11,7160.39,64.36,2552.31,True,100,False,0.0,Optimal,0.0,N/A,N/A,DataScience,Production,77215,92.7332,75000,2500.0,4660.39,186.42,False,4608.08,35.64484616061415,2024-04,2024Q2
2024-04-20,RDS,us-west-2,109.66,9118.6,87.13,1173.93,False,0,True,88.37,Optimal,0.0,N/A,N/A,Marketing,Production,336117,27.1292,110000,3666.67,5451.93,148.69,False,7944.67,12.874015748031498,2024-04,2024Q2
2024-04-21,S3,ap-south-1,66.09,5495.29,0.0,1099.06,True,100,False,0.0,Optimal,0.0,Glacier,Optimized,Product,Staging,46847,117.3028,45000,1500.0,3995.29,266.35,False,4396.23,20.00003639480355,2024-04,2024Q2
2024-04-26,RDS,ap-south-1,91.46,7605.28,63.28,2792.44,False,0,False,0.0,Optimal,0.0,N/A,N/A,DevOps,Production,447387,16.9993,110000,3666.67,3938.61,107.42,False,4812.84,36.717122840973644,2024-04,2024Q2
2024-04-27,EC2,us-east-1,208.35,17324.62,68.33,5487.2,False,0,False,0.0,Optimal,0.0,N/A,N/A,Engineering,Production,53370,324.6135,140000,4666.67,12657.96,271.24,False,11837.419999999998,31.67284477235287,2024-04,2024Q2
2024-04-29,S3,us-west-2,62.23,5174.65,0.0,1034.93,True,100,False,0.0,Optimal,0.0,IA,Optimized,Engineering,Production,22542,229.5559,45000,1500.0,3674.65,244.98,False,4139.719999999999,20.000000000000004,2024-04,2024Q2
2024-05-03,RDS,ap-south-1,100.82,8383.36,85.0,1257.44,False,0,True,87.23,Optimal,0.0,N/A,N/A,DevOps,Production,107356,78.0893,110000,3666.67,4716.69,128.64,False,7125.92,14.999236582945263,2024-05,2024Q2
2024-05-10,RDS,ap-south-1,104.6,8697.23,73.87,2272.58,True,100,False,0.0,Optimal,0.0,N/A,N/A,Marketing,Production,104398,83.3084,110000,3666.67,5030.57,137.2,False,6424.65,26.129928724432954,2024-05,2024Q2
2024-05-26,Lambda,ap-south-1,36.93,3070.52,0.0,614.1,True,100,False,0.0,Optimal,0.0,N/A,N/A,Marketing,Testing,181083,16.9565,28000,933.33,2137.19,228.98,False,2456.42,19.999869728905853,2024-05,2024Q2
2024-05-29,RDS,us-west-2,181.97,15131.09,78.57,3241.98,True,100,False,0.0,Optimal,0.0,N/A,N/A,DataScience,Production,253255,59.7465,110000,3666.67,11464.43,312.67,False,11889.11,21.425951468136137,2024-05,2024Q2
2024-05-31,RDS,ap-south-1,166.79,13868.66,72.76,3778.15,True,100,True,94.59,Optimal,0.0,N/A,N/A,Product,Production,341260,40.6396,110000,3666.67,10202.0,278.24,False,10090.51,27.242357949506296,2024-05,2024Q2
2024-06-17,ECS,us-west-2,95.31,7925.34,72.35,2191.64,True,100,False,0.0,Optimal,0.0,N/A,N/A,Product,Development,94568,83.8057,75000,2500.0,5425.34,217.01,False,5733.700000000001,27.65357700742176,2024-06,2024Q2
2024-06-27,Lambda,ap-south-1,28.29,2352.7,0.0,470.54,True,100,False,0.0,Optimal,0.0,N/A,N/A,Marketing,Production,149550,15.7318,28000,933.33,1419.36,152.07,False,1882.1599999999999,20.0,2024-06,2024Q2
2024-07-03,S3,us-east-1,61.05,5076.16,0.0,1015.23,True,100,False,0.0,Optimal,1522.85,Standard,Move to IA/Glacier,Product,Production,33603,151.0627,45000,1500.0,3576.16,238.41,False,4060.93,19.99996060013869,2024-07,2024Q3
2024-07-07,Lambda,us-east-1,36.79,3059.34,0.0,611.87,True,100,False,0.0,Optimal,0.0,N/A,N/A,Engineering,Production,124454,24.5821,28000,933.33,2126.01,227.79,False,2447.4700000000003,20.000065373577307,2024-07,2024Q3
2024-07-13,EC2,us-east-1,139.98,11639.25,85.01,1744.57,True,100,True,94.47,Optimal,0.0,N/A,N/A,DataScience,Production,153260,75.9445,140000,4666.67,6972.58,149.41,False,9894.68,14.98868054213115,2024-07,2024Q3
2024-07-21,Lambda,ap-south-1,37.65,3130.68,0.0,626.14,True,100,False,0.0,Optimal,0.0,N/A,N/A,Engineering,Production,172865,18.1105,28000,933.33,2197.35,235.43,False,2504.54,20.000127767769303,2024-07,2024Q3
2024-07-27,Lambda,us-west-2,38.95,3239.01,0.0,647.8,True,100,False,0.0,Optimal,0.0,N/A,N/A,Product,Staging,104146,31.1006,28000,933.33,2305.67,247.04,False,2591.21,19.999938252737717,2024-07,2024Q3
2024-07-28,Lambda,ap-south-1,36.95,3072.32,0.0,614.46,True,100,False,0.0,Optimal,0.0,N/A,N/A,DevOps,Testing,70522,43.5654,28000,933.33,2138.99,229.18,False,2457.86,19.999869805228624,2024-07,2024Q3
2024-08-06,ECS,us-east-1,87.89,7307.95,69.43,2233.94,True,100,False,0.0,Optimal,0.0,N/A,N/A,Engineering,Development,159833,45.7224,75000,2500.0,4807.95,192.32,False,5074.01,30.5686273168262,2024-08,2024Q3
2024-08-08,ECS,us-west-2,100.0,8314.96,91.21,730.9,True,100,False,0.0,Upsize,0.0,N/A,N/A,DevOps,Staging,177379,46.8768,75000,2500.0,5814.96,232.6,False,7584.0599999999995,8.790180590165198,2024-08,2024Q3
2024-08-11,EC2,us-west-2,170.01,14136.56,55.19,6334.7,False,0,False,0.0,Optimal,0.0,N/A,N/A,Marketing,Production,155836,90.7144,140000,4666.67,9469.9,202.93,False,7801.86,44.81076018493891,2024-08,2024Q3
2024-08-13,RDS,us-west-2,106.31,8839.67,90.0,883.97,True,100,False,0.0,Optimal,0.0,N/A,N/A,Engineering,Testing,113578,77.829,110000,3666.67,5173.0,141.08,False,7955.7,10.000033937918497,2024-08,2024Q3
2024-08-16,S3,ap-south-1,42.62,3543.97,0.0,708.79,False,0,False,0.0,Optimal,1063.19,Standard,Move to IA/Glacier,Product,Testing,94983,37.3116,45000,1500.0,2043.97,136.26,False,2835.18,19.999887132227418,2024-08,2024Q3
2024-09-04,EC2,ap-south-1,163.1,13562.03,69.45,4143.87,False,0,False,0.0,Optimal,0.0,N/A,N/A,DevOps,Production,174337,77.792,140000,4666.67,8895.36,190.61,False,9418.16,30.554939046735623,2024-09,2024Q3
2024-09-11,ECS,ap-south-1,72.84,6056.86,71.51,1725.42,True,100,False,0.0,Optimal,0.0,N/A,N/A,DataScience,Production,154443,39.2174,75000,2500.0,3556.86,142.27,False,4331.44,28.487037838087726,2024-09,2024Q3
2024-09-14,RDS,us-west-2,108.62,9032.17,67.1,2971.57,False,0,True,89.1,Optimal,0.0,N/A,N/A,DataScience,Staging,416289,21.6969,110000,3666.67,5365.5,146.33,False,6060.6,32.899845773496295,2024-09,2024Q3
2024-09-23,ECS,ap-south-1,79.47,6608.03,94.64,354.05,True,100,False,0.0,Upsize,0.0,N/A,N/A,Engineering,Production,53660,123.1462,75000,2500.0,4108.03,164.32,False,6253.98,5.3578751912445925,2024-09,2024Q3
2024-09-27,ECS,us-west-2,54.65,4543.84,94.14,266.13,True,100,False,0.0,Upsize,0.0,N/A,N/A,Marketing,Development,129340,35.131,75000,2500.0,2043.84,81.75,False,4277.71,5.856940385224831,2024-09,2024Q3
2024-10-10,EC2,us-east-1,108.36,9010.07,70.27,2678.94,True,100,False,0.0,Optimal,0.0,N/A,N/A,DevOps,Testing,165241,54.5269,140000,4666.67,4343.41,93.07,False,6331.129999999999,29.732732376108068,2024-10,2024Q4
2024-10-12,S3,us-east-1,50.11,4166.42,0.0,833.28,True,100,False,0.0,Optimal,1249.93,Standard,Move to IA/Glacier,DataScience,Production,76382,54.5471,45000,1500.0,2666.42,177.76,False,3333.1400000000003,19.999903994316462,2024-10,2024Q4
2024-10-14,ECS,us-east-1,57.49,4780.18,76.34,1130.86,True,100,False,0.0,Optimal,0.0,N/A,N/A,Engineering,Production,85041,56.2103,75000,2500.0,2280.18,91.21,False,3649.3200000000006,23.657268136346328,2024-10,2024Q4
2024-10-17,Lambda,us-east-1,21.78,1810.98,0.0,362.2,True,100,False,0.0,Optimal,0.0,N/A,N/A,Product,Production,198158,9.1391,28000,933.33,877.65,94.03,False,1448.78,20.00022087488542,2024-10,2024Q4
2024-10-23,RDS,us-east-1,54.31,4515.82,81.24,846.96,True,100,False,0.0,Optimal,0.0,N/A,N/A,Marketing,Development,135764,33.2623,110000,3666.67,849.15,23.16,False,3668.8599999999997,18.755397690784843,2024-10,2024Q4
2024-10-26,ECS,us-east-1,43.95,3654.14,78.72,777.73,False,0,False,0.0,Optimal,0.0,N/A,N/A,DevOps,Testing,120110,30.4233,75000,2500.0,1154.14,46.17,False,2876.41,21.28353046133974,2024-10,2024Q4
2024-10-27,ECS,ap-south-1,41.74,3470.64,95.0,173.53,True,100,False,0.0,Upsize,0.0,N/A,N/A,Marketing,Testing,147446,23.5384,75000,2500.0,970.64,38.83,False,3297.1099999999997,4.999942373740867,2024-10,2024Q4
2024-10-31,RDS,ap-south-1,87.95,7313.39,78.48,1573.72,True,100,True,87.29,Optimal,0.0,N/A,N/A,DataScience,Production,174575,41.8925,110000,3666.67,3646.72,99.46,False,5739.67,21.518338280879316,2024-10,2024Q4
2024-11-02,S3,us-west-2,32.17,2674.91,0.0,534.98,True,100,False,0.0,Optimal,0.0,Glacier,Optimized,DevOps,Testing,89540,29.8739,45000,1500.0,1174.91,78.33,False,2139.93,19.99992523112927,2024-11,2024Q4
2024-11-12,Lambda,ap-south-1,24.47,2034.34,0.0,406.87,False,0,False,0.0,Optimal,0.0,N/A,N/A,Marketing,Testing,76084,26.738,28000,933.33,1101.0,117.96,False,1627.4699999999998,20.00009831198325,2024-11,2024Q4
2024-11-13,EC2,us-east-1,132.12,10986.1,82.64,1907.43,True,100,False,0.0,Optimal,0.0,N/A,N/A,DataScience,Production,83572,131.4567,140000,4666.67,6319.43,135.42,True,9078.67,17.36221225002503,2024-11,2024Q4
2024-11-14,EC2,us-west-2,91.87,7639.21,73.9,1993.49,True,100,False,0.0,Optimal,0.0,N/A,N/A,Engineering,Production,181619,42.0617,140000,4666.67,2972.54,63.7,False,5645.72,26.095499403734156,2024-11,2024Q4
2024-11-15,ECS,ap-south-1,42.96,3572.16,95.0,178.61,False,0,False,0.0,Upsize,0.0,N/A,N/A,DataScience,Development,171427,20.8378,75000,2500.0,1072.16,42.89,False,3393.5499999999997,5.000055988533549,2024-11,2024Q4
2024-11-24,ECS,us-east-1,46.52,3868.26,87.45,485.61,True,100,False,0.0,Optimal,0.0,N/A,N/A,Engineering,Production,111267,34.7656,75000,2500.0,1368.26,54.73,False,3382.65,12.553706317569139,2024-11,2024Q4
2024-11-25,EC2,ap-south-1,59.82,4973.68,84.32,780.12,True,100,True,87.86,Optimal,0.0,N/A,N/A,Engineering,Staging,61419,80.9795,140000,4666.67,307.01,6.58,False,4193.56,15.684965659230187,2024-11,2024Q4
2024-11-29,RDS,us-east-1,62.42,5189.9,88.63,589.99,True,100,True,92.7,Optimal,0.0,N/A,N/A,Engineering,Development,239123,21.7039,110000,3666.67,1523.23,41.54,False,4599.91,11.368041773444576,2024-11,2024Q4
2024-12-03,S3,us-east-1,36.27,3016.18,0.0,603.24,True,100,False,0.0,Optimal,0.0,Glacier,Optimized,DataScience,Development,81768,36.887,45000,1500.0,1516.18,101.08,False,2412.9399999999996,20.000132618079824,2024-12,2024Q4
2024-12-04,S3,ap-south-1,43.38,3607.29,0.0,721.46,True,100,False,0.0,Optimal,0.0,IA,Optimized,DataScience,Development,88056,40.9659,45000,1500.0,2107.29,140.49,True,2885.83,20.000055443282907,2024-12,2024Q4
2024-12-07,ECS,us-east-1,59.27,4928.49,89.11,536.77,True,100,False,0.0,Optimal,0.0,N/A,N/A,Product,Staging,162907,30.2534,75000,2500.0,2428.49,97.14,False,4391.719999999999,10.89116544824074,2024-12,2024Q4
2024-12-08,ECS,us-west-2,57.89,4813.44,70.26,1431.39,False,0,False,0.0,Optimal,0.0,N/A,N/A,DataScience,Development,54387,88.5035,75000,2500.0,2313.44,92.54,False,3382.0499999999993,29.737360390905472,2024-12,2024Q4
2024-12-09,Lambda,us-west-2,18.64,1549.89,0.0,309.98,True,100,False,0.0,Optimal,0.0,N/A,N/A,DataScience,Development,74113,20.9125,28000,933.33,616.56,66.06,False,1239.91,20.000129041415843,2024-12,2024Q4
2024-12-10,EC2,us-east-1,95.49,7940.26,89.73,815.62,False,0,True,85.08,Optimal,0.0,N/A,N/A,Marketing,Production,142539,55.7059,140000,4666.67,3273.6,70.15,False,7124.64,10.271955830161733,2024-12,2024Q4
2024-12-22,S3,us-west-2,32.14,2672.6,0.0,534.52,True,100,False,0.0,Optimal,0.0,IA,Optimized,Marketing,Staging,58598,45.609,45000,1500.0,1172.6,78.17,False,2138.08,20.0,2024-12,2024Q4
2024-12-26,EC2,ap-south-1,88.84,7386.67,87.86,896.86,True,100,False,0.0,Optimal,0.0,N/A,N/A,Engineering,Staging,194448,37.9879,140000,4666.67,2720.0,58.29,False,6489.81,12.141601019133114,2024-12,2024Q4
2024-12-27,EC2,us-west-2,123.2,10244.18,95.0,512.21,True,100,False,0.0,Upsize,0.0,N/A,N/A,DevOps,Staging,60175,170.2398,140000,4666.67,5577.51,119.52,False,9731.970000000001,5.000009761640268,2024-12,2024Q4
2024-12-28,EC2,us-east-1,59.05,4910.23,61.55,1888.07,True,100,True,92.57,Optimal,0.0,N/A,N/A,DataScience,Production,143137,34.3044,140000,4666.67,243.56,5.22,False,3022.16,38.451762952040944,2024-12,2024Q4
2024-12-31,RDS,ap-south-1,59.65,4960.23,85.37,725.76,True,100,True,89.21,Optimal,0.0,N/A,N/A,Marketing,Production,408162,12.1526,110000,3666.67,1293.56,35.28,False,4234.469999999999,14.631579584011225,2024-12,2024Q4
2025-01-04,RDS,us-west-2,84.13,6995.74,82.43,1229.4,True,100,True,97.96,Optimal,0.0,N/A,N/A,DataScience,Production,280554,24.9355,110000,3666.67,3329.07,90.79,False,5766.34,17.573551904444706,2025-01,2025Q1
2025-01-07,S3,us-west-2,35.68,2967.17,0.0,593.43,True,100,False,0.0,Optimal,890.15,Standard,Move to IA/Glacier,Engineering,Production,17414,170.3899,45000,1500.0,1467.17,97.81,False,2373.7400000000002,19.99986519141134,2025-01,2025Q1
2025-01-10,Lambda,ap-south-1,15.42,1282.58,0.0,256.52,True,100,False,0.0,Optimal,0.0,N/A,N/A,Engineering,Staging,90988,14.0961,28000,933.33,349.24,37.42,False,1026.06,20.00031187138424,2025-01,2025Q1
2025-01-15,EC2,ap-south-1,104.11,8657.16,68.34,2741.23,True,100,True,88.56,Optimal,0.0,N/A,N/A,Product,Testing,111400,77.7124,140000,4666.67,3990.49,85.51,False,5915.93,31.664310235689303,2025-01,2025Q1
2025-01-16,EC2,us-east-1,92.22,7667.96,94.44,426.31,True,100,True,85.4,Upsize,0.0,N/A,N/A,DataScience,Staging,105278,72.8354,140000,4666.67,3001.29,64.31,False,7241.65,5.5596273324326155,2025-01,2025Q1
2025-01-26,RDS,us-west-2,80.44,6688.81,90.0,668.88,True,100,False,0.0,Optimal,0.0,N/A,N/A,Marketing,Development,408368,16.3794,110000,3666.67,3022.15,82.42,False,6019.93,9.999985049657562,2025-01,2025Q1
2025-02-02,Lambda,us-east-1,25.07,2084.51,0.0,416.9,False,0,False,0.0,Optimal,0.0,N/A,N/A,Marketing,Development,143933,14.4825,28000,933.33,1151.18,123.34,False,1667.6100000000001,19.99990405419019,2025-02,2025Q1
2025-02-12,EC2,us-east-1,109.11,9072.58,89.46,956.47,True,100,True,86.63,Optimal,0.0,N/A,N/A,Marketing,Staging,114545,79.2054,140000,4666.67,4405.92,94.41,False,8116.11,10.54242563857249,2025-02,2025Q1
2025-02-18,EC2,us-west-2,129.03,10728.48,56.76,4638.77,True,100,True,92.57,Optimal,0.0,N/A,N/A,DevOps,Production,169633,63.2452,140000,4666.67,6061.81,129.9,False,6089.709999999999,43.23790509000344,2025-02,2025Q1
2025-02-19,Lambda,us-west-2,20.72,1722.52,0.0,344.5,True,100,False,0.0,Optimal,0.0,N/A,N/A,Marketing,Production,108874,15.8212,28000,933.33,789.19,84.56,False,1378.02,19.99976778208671,2025-02,2025Q1
2025-02-22,ECS,ap-south-1,32.95,2740.2,82.59,477.13,True,100,False,0.0,Optimal,0.0,N/A,N/A,Marketing,Production,154247,17.765,75000,2500.0,240.2,9.61,False,2263.0699999999997,17.412232683745714,2025-02,2025Q1
2025-02-23,RDS,us-east-1,94.96,7896.34,57.39,3364.71,True,100,True,88.15,Optimal,0.0,N/A,N/A,DevOps,Testing,156998,50.2958,110000,3666.67,4229.67,115.35,False,4531.63,42.61100712481986,2025-02,2025Q1
2025-02-25,RDS,us-east-1,97.76,8128.57,75.79,1968.08,True,100,False,0.0,Optimal,0.0,N/A,N/A,Product,Staging,103908,78.2285,110000,3666.67,4461.9,121.69,False,6160.49,24.21188474725567,2025-02,2025Q1
2025-03-11,ECS,us-east-1,66.19,5503.41,69.11,1700.19,True,100,False,0.0,Optimal,0.0,N/A,N/A,DevOps,Production,61786,89.0721,75000,2500.0,3003.41,120.14,False,3803.22,30.89339155178335,2025-03,2025Q1
2025-03-14,EC2,us-east-1,75.24,6255.85,67.9,2007.84,True,100,True,93.96,Optimal,0.0,N/A,N/A,Product,Development,80022,78.1766,140000,4666.67,1589.18,34.05,False,4248.01,32.09539870681042,2025-03,2025Q1
2025-03-15,Lambda,ap-south-1,29.43,2447.3,0.0,489.46,True,100,False,0.0,Optimal,0.0,N/A,N/A,Product,Testing,57795,42.3445,28000,933.33,1513.96,162.21,False,1957.8400000000001,20.0,2025-03,2025Q1
2025-03-16,RDS,us-east-1,114.53,9522.93,77.75,2118.47,True,100,False,0.0,Optimal,0.0,N/A,N/A,Product,Development,420691,22.6364,110000,3666.67,5856.26,159.72,False,7404.460000000001,22.24598941712267,2025-03,2025Q1
2025-03-22,EC2,us-east-1,149.51,12431.92,50.59,6142.16,False,0,True,95.62,Optimal,0.0,N/A,N/A,Engineering,Production,146536,84.8387,140000,4666.67,7765.26,166.4,False,6289.76,49.406366836337426,2025-03,2025Q1
2025-03-26,ECS,us-east-1,61.97,5153.21,84.67,790.08,True,100,False,0.0,Optimal,0.0,N/A,N/A,DataScience,Production,59052,87.2657,75000,2500.0,2653.21,106.13,False,4363.13,15.331802895670855,2025-03,2025Q1
2025-03-28,Lambda,us-east-1,22.95,1908.37,0.0,381.67,False,0,False,0.0,Optimal,0.0,N/A,N/A,Product,Production,196379,9.7178,28000,933.33,975.04,104.47,False,1526.6999999999998,19.99979039704041,2025-03,2025Q1
2025-04-02,RDS,ap-south-1,91.83,7635.67,69.82,2304.5,True,100,False,0.0,Optimal,0.0,N/A,N/A,Product,Staging,299278,25.5136,110000,3666.67,3969.01,108.25,False,5331.17,30.180717605658703,2025-04,2025Q2
2025-04-04,EC2,ap-south-1,165.62,13771.36,58.94,5654.96,False,0,False,0.0,Optimal,0.0,N/A,N/A,Engineering,Staging,79931,172.2907,140000,4666.67,9104.7,195.1,True,8116.400000000001,41.063192015893854,2025-04,2025Q2
2025-04-06,Lambda,ap-south-1,27.53,2288.82,0.0,457.76,True,100,False,0.0,Optimal,0.0,N/A,N/A,Product,Production,54597,41.9221,28000,933.33,1355.49,145.23,False,1831.0600000000002,19.9998252374586,2025-04,2025Q2
2025-04-12,ECS,ap-south-1,66.74,5549.03,95.0,277.45,True,100,False,0.0,Upsize,0.0,N/A,N/A,DevOps,Development,113824,48.751,75000,2500.0,3049.03,121.96,False,5271.58,4.999972968248505,2025-04,2025Q2
2025-04-20,S3,us-east-1,34.79,2892.51,0.0,578.5,True,100,False,0.0,Optimal,0.0,Glacier,Optimized,DevOps,Production,98888,29.2503,45000,1500.0,1392.51,92.83,False,2314.01,19.99993085590024,2025-04,2025Q2
2025-04-22,RDS,us-west-2,91.9,7641.36,85.64,1097.49,True,100,False,0.0,Optimal,0.0,N/A,N/A,Marketing,Testing,268688,28.4395,110000,3666.67,3974.69,108.4,False,6543.87,14.36249568139703,2025-04,2025Q2
2025-05-02,RDS,ap-south-1,147.99,12305.03,67.84,3957.02,True,100,False,0.0,Optimal,0.0,N/A,N/A,DevOps,Production,349186,35.2392,110000,3666.67,8638.36,235.59,True,8348.01,32.15774362191721,2025-05,2025Q2
2025-05-06,Lambda,us-west-2,37.46,3114.79,0.0,622.96,True,100,False,0.0,Optimal,0.0,N/A,N/A,Engineering,Development,186354,16.7144,28000,933.33,2181.46,233.73,False,2491.83,20.000064209786213,2025-05,2025Q2
2025-05-07,EC2,us-west-2,174.2,14484.32,56.72,6268.42,True,100,False,0.0,Optimal,0.0,N/A,N/A,Product,Production,178157,81.3009,140000,4666.67,9817.65,210.38,False,8215.9,43.277281915892495,2025-05,2025Q2
2025-05-10,ECS,us-east-1,60.36,5019.15,95.0,250.96,True,100,False,0.0,Upsize,0.0,N/A,N/A,Engineering,Staging,103885,48.3145,75000,2500.0,2519.15,100.77,False,4768.19,5.000049809230648,2025-05,2025Q2
2025-05-24,ECS,us-east-1,81.65,6788.9,87.83,825.89,True,100,False,0.0,Optimal,0.0,N/A,N/A,Product,Production,195411,34.7416,75000,2500.0,4288.9,171.56,False,5963.009999999999,12.165299238462786,2025-05,2025Q2
2025-05-26,S3,us-east-1,57.6,4789.17,0.0,957.83,True,100,False,0.0,Optimal,0.0,IA,Optimized,Engineering,Development,21778,219.9088,45000,1500.0,3289.17,219.28,False,3831.34,19.99991647822065,2025-05,2025Q2
2025-05-29,RDS,us-west-2,107.91,8972.64,90.0,897.26,True,100,True,85.96,Optimal,0.0,N/A,N/A,DevOps,Production,307909,29.1405,110000,3666.67,5305.97,144.71,False,8075.379999999999,9.999955420032455,2025-05,2025Q2
2025-05-31,RDS,us-west-2,148.52,12349.49,74.42,3159.47,True,100,True,94.19,Optimal,0.0,N/A,N/A,Product,Production,167047,73.9282,110000,3666.67,8682.83,236.8,False,9190.02,25.583809533835,2025-05,2025Q2
2025-06-01,S3,ap-south-1,45.57,3789.11,0.0,757.82,True,100,False,0.0,Optimal,0.0,Glacier,Optimized,Product,Development,69742,54.3304,45000,1500.0,2289.11,152.61,False,3031.29,19.999947217156535,2025-06,2025Q2
2025-06-12,EC2,ap-south-1,175.91,14627.06,91.66,1219.48,True,100,False,0.0,Upsize,0.0,N/A,N/A,Product,Production,66787,219.0106,140000,4666.67,9960.4,213.44,False,13407.58,8.337150459490834,2025-06,2025Q2
2025-06-16,S3,ap-south-1,48.85,4061.8,0.0,812.36,True,100,False,0.0,Optimal,1218.54,Standard,Move to IA/Glacier,DataScience,Production,57805,70.2672,45000,1500.0,2561.8,170.79,False,3249.44,20.0,2025-06,2025Q2
2025-06-22,S3,us-east-1,51.03,4242.76,0.0,848.55,False,0,False,0.0,Optimal,1272.83,Standard,Move to IA/Glacier,Product,Production,55651,76.2387,45000,1500.0,2742.76,182.85,False,3394.21,19.99995286087358,2025-06,2025Q2
2025-06-23,RDS,us-west-2,112.35,9341.7,59.17,3814.21,True,100,False,0.0,Optimal,0.0,N/A,N/A,DevOps,Testing,101975,91.6077,110000,3666.67,5675.03,154.77,False,5527.490000000001,40.82993459434578,2025-06,2025Q2
2025-06-30,ECS,us-east-1,84.31,7010.53,95.0,350.53,True,100,False,0.0,Upsize,0.0,N/A,N/A,DevOps,Staging,123326,56.8455,75000,2500.0,4510.53,180.42,False,6660.0,5.000049924898688,2025-06,2025Q2
2025-07-07,RDS,ap-south-1,124.78,10375.5,84.38,1620.62,True,100,True,89.0,Optimal,0.0,N/A,N/A,DevOps,Development,180741,57.4053,110000,3666.67,6708.83,182.97,False,8754.880000000001,15.619680979229916,2025-07,2025Q3
2025-07-13,ECS,us-west-2,88.33,7344.67,83.32,1224.93,False,0,False,0.0,Optimal,0.0,N/A,N/A,DevOps,Production,153893,47.7258,75000,2500.0,4844.67,193.79,False,6119.74,16.677808533262898,2025-07,2025Q3
2025-07-15,EC2,us-east-1,136.53,11352.86,93.92,690.75,False,0,False,0.0,Upsize,0.0,N/A,N/A,Marketing,Production,142677,79.5704,140000,4666.67,6686.19,143.28,False,10662.11,6.084369929691725,2025-07,2025Q3
2025-07-18,S3,us-east-1,51.56,4287.34,0.0,857.47,True,100,False,0.0,Optimal,1286.2,Standard,Move to IA/Glacier,DevOps,Testing,72057,59.4993,45000,1500.0,2787.34,185.82,False,3429.87,20.000046648971157,2025-07,2025Q3
2025-07-21,RDS,ap-south-1,132.2,10992.35,84.96,1652.7,True,100,False,0.0,Optimal,0.0,N/A,N/A,DevOps,Production,360493,30.4925,110000,3666.67,7325.68,199.79,False,9339.65,15.035001614759356,2025-07,2025Q3
2025-07-22,RDS,ap-south-1,118.44,9848.55,90.0,984.85,True,100,False,0.0,Optimal,0.0,N/A,N/A,Marketing,Production,448301,21.9686,110000,3666.67,6181.88,168.6,False,8863.699999999999,9.999949231105088,2025-07,2025Q3
2025-08-05,ECS,ap-south-1,63.12,5248.68,95.0,262.43,True,100,False,0.0,Upsize,0.0,N/A,N/A,Marketing,Development,181777,28.8743,75000,2500.0,2748.68,109.95,False,4986.25,4.999923790362529,2025-08,2025Q3
2025-08-08,ECS,us-east-1,54.94,4568.47,91.53,387.15,True,100,False,0.0,Upsize,0.0,N/A,N/A,Engineering,Development,169672,26.9253,75000,2500.0,2068.47,82.74,False,4181.320000000001,8.474390769776313,2025-08,2025Q3
2025-08-09,EC2,ap-south-1,112.37,9343.95,72.13,2604.05,False,0,True,92.08,Optimal,0.0,N/A,N/A,DataScience,Production,98687,94.6826,140000,4666.67,4677.28,100.23,False,6739.900000000001,27.86883491457039,2025-08,2025Q3
2025-08-11,ECS,us-east-1,58.98,4904.13,92.54,365.66,True,100,False,0.0,Upsize,0.0,N/A,N/A,DevOps,Production,85631,57.2705,75000,2500.0,2404.13,96.17,False,4538.47,7.456164498086307,2025-08,2025Q3
2025-08-16,ECS,ap-south-1,49.48,4114.02,81.34,767.79,True,100,False,0.0,Optimal,0.0,N/A,N/A,DataScience,Production,140517,29.2777,75000,2500.0,1614.02,64.56,False,3346.2300000000005,18.66276780375399,2025-08,2025Q3
2025-08-22,Lambda,us-east-1,31.52,2621.15,0.0,524.23,True,100,False,0.0,Optimal,0.0,N/A,N/A,Engineering,Production,179500,14.6025,28000,933.33,1687.81,180.84,False,2096.92,20.0,2025-08,2025Q3
2025-08-23,S3,us-west-2,57.88,4812.74,0.0,962.55,True,100,False,0.0,Optimal,1443.82,Standard,Move to IA/Glacier,DevOps,Production,12307,391.0568,45000,1500.0,3312.74,220.85,False,3850.1899999999996,20.000041556369137,2025-08,2025Q3
2025-08-27,RDS,ap-south-1,78.03,6488.48,74.38,1662.19,True,100,True,92.9,Optimal,0.0,N/A,N/A,DataScience,Development,425194,15.2601,110000,3666.67,2821.82,76.96,False,4826.289999999999,25.617556037777728,2025-08,2025Q3
2025-09-19,EC2,us-west-2,86.63,7203.01,88.25,846.16,False,0,True,87.55,Optimal,0.0,N/A,N/A,Product,Production,147121,48.9597,140000,4666.67,2536.34,54.35,False,6356.85,11.747311193514932,2025-09,2025Q3
2025-09-28,Lambda,ap-south-1,19.67,1635.94,0.0,327.19,False,0,False,0.0,Optimal,0.0,N/A,N/A,DataScience,Production,190165,8.6028,28000,933.33,702.61,75.28,False,1308.75,20.00012225387239,2025-09,2025Q3
2025-09-30,RDS,us-east-1,93.67,7788.4,72.98,2104.67,True,100,True,88.34,Optimal,0.0,N/A,N/A,DataScience,Production,222915,34.9389,110000,3666.67,4121.73,112.41,False,5683.73,27.023136972934108,2025-09,2025Q3
2025-10-07,Lambda,us-east-1,21.59,1794.97,0.0,358.99,True,100,False,0.0,Optimal,0.0,N/A,N/A,DataScience,Staging,157422,11.4023,28000,933.33,861.64,92.32,False,1435.98,19.999777155049944,2025-10,2025Q4
2025-10-21,S3,us-west-2,43.94,3653.6,0.0,730.72,True,100,False,0.0,Optimal,0.0,Glacier,Optimized,DataScience,Production,20969,174.2383,45000,1500.0,2153.6,143.57,True,2922.88,20.0,2025-10,2025Q4
2025-10-22,S3,us-east-1,35.85,2980.76,0.0,596.15,True,100,False,0.0,Optimal,0.0,Glacier,Optimized,Engineering,Staging,73814,40.3821,45000,1500.0,1480.76,98.72,False,2384.61,19.99993290301802,2025-10,2025Q4
2025-10-24,Lambda,us-east-1,14.46,1202.44,0.0,240.49,True,100,False,0.0,Optimal,0.0,N/A,N/A,Marketing,Staging,88484,13.5893,28000,933.33,269.11,28.83,False,961.95,20.000166328465454,2025-10,2025Q4
2025-10-27,RDS,us-east-1,73.67,6125.5,90.0,612.55,True,100,True,93.23,Optimal,0.0,N/A,N/A,Marketing,Testing,340644,17.9821,110000,3666.67,2458.84,67.06,False,5512.95,10.0,2025-10,2025Q4
2025-10-29,S3,us-west-2,36.17,3007.86,0.0,601.57,True,100,False,0.0,Optimal,902.36,Standard,Move to IA/Glacier,DataScience,Development,30527,98.5313,45000,1500.0,1507.86,100.52,False,2406.29,19.99993350754357,2025-10,2025Q4
2025-11-03,EC2,ap-south-1,95.89,7973.39,72.0,2232.46,False,0,False,0.0,Optimal,0.0,N/A,N/A,DataScience,Production,85530,93.2233,140000,4666.67,3306.72,70.86,False,5740.93,27.998881278853787,2025-11,2025Q4
2025-11-06,Lambda,us-west-2,12.59,1047.1,0.0,209.42,True,100,False,0.0,Optimal,0.0,N/A,N/A,DevOps,Production,173392,6.0389,28000,933.33,113.77,12.19,False,837.68,20.0,2025-11,2025Q4
2025-11-08,EC2,us-west-2,132.16,10989.29,54.72,4975.96,True,100,True,92.63,Optimal,0.0,N/A,N/A,DevOps,Production,160531,68.4559,140000,4666.67,6322.63,135.48,True,6013.330000000001,45.28008633860786,2025-11,2025Q4
2025-11-16,ECS,us-west-2,36.95,3072.35,95.0,153.62,True,100,False,0.0,Upsize,0.0,N/A,N/A,Product,Production,53545,57.3789,75000,2500.0,572.35,22.89,False,2918.73,5.000081370937556,2025-11,2025Q4
2025-11-20,S3,us-east-1,36.64,3046.34,0.0,609.27,True,100,False,0.0,Optimal,913.9,Standard,Move to IA/Glacier,DevOps,Production,45181,67.4252,45000,1500.0,1546.34,103.09,True,2437.07,20.000065652553555,2025-11,2025Q4
2025-11-23,RDS,ap-south-1,91.1,7575.09,83.46,1253.12,True,100,False,0.0,Optimal,0.0,N/A,N/A,DevOps,Production,378057,20.0369,110000,3666.67,3908.42,106.59,True,6321.97,16.542641737589914,2025-11,2025Q4
2025-11-25,EC2,us-east-1,48.54,4036.25,89.17,436.94,True,100,False,0.0,Optimal,0.0,N/A,N/A,Product,Production,65616,61.5133,140000,4666.67,-630.41,-13.51,False,3599.31,10.825394859089501,2025-11,2025Q4
2025-11-29,Lambda,us-west-2,10.0,831.5,0.0,166.3,True,100,False,0.0,Optimal,0.0,N/A,N/A,DevOps,Staging,91124,9.1249,28000,933.33,-101.83,-10.91,False,665.2,20.0,2025-11,2025Q4
2025-12-03,Lambda,ap-south-1,10.04,834.67,0.0,166.93,True,100,False,0.0,Optimal,0.0,N/A,N/A,Product,Production,127858,6.5281,28000,933.33,-98.66,-10.57,False,667.74,19.999520768687027,2025-12,2025Q4
2025-12-06,EC2,us-west-2,66.25,5508.29,53.58,2556.86,True,100,True,92.02,Optimal,0.0,N/A,N/A,Product,Development,147631,37.3112,140000,4666.67,841.62,18.03,False,2951.43,46.418398450335765,2025-12,2025Q4
2025-12-15,RDS,us-west-2,28.91,2404.28,73.31,641.69,True,100,False,0.0,Optimal,0.0,N/A,N/A,Engineering,Staging,323113,7.441,110000,3666.67,-1262.39,-34.43,False,1762.5900000000001,26.689487081371553,2025-12,2025Q4
2025-12-17,Lambda,us-east-1,17.08,1420.29,0.0,284.06,True,100,False,0.0,Optimal,0.0,N/A,N/A,Product,Production,59021,24.0642,28000,933.33,486.96,52.17,False,1136.23,20.00014081631216,2025-12,2025Q4
2025-12-19,ECS,ap-south-1,45.65,3795.66,76.18,904.02,True,100,False,0.0,Optimal,0.0,N/A,N/A,DataScience,Production,130374,29.1136,75000,2500.0,1295.66,51.83,False,2891.64,23.81720175147405,2025-12,2025Q4
2025-12-23,S3,us-west-2,27.43,2281.14,0.0,456.23,True,100,False,0.0,Optimal,684.34,Standard,Move to IA/Glacier,DevOps,Production,78054,29.2251,45000,1500.0,781.14,52.08,False,1824.9099999999999,20.000087675460517,2025-12,2025Q4
2026-01-14,ECS,us-west-2,59.93,4983.49,95.0,249.17,False,0,False,0.0,Upsize,0.0,N/A,N/A,Engineering,Production,109897,45.3469,75000,2500.0,2483.49,99.34,True,4734.32,4.999909701835461,2026-01,2026Q1
2026-01-17,S3,ap-south-1,16.06,1335.58,0.0,267.12,True,100,False,0.0,Optimal,0.0,IA,Optimized,Marketing,Testing,93430,14.2949,45000,1500.0,-164.42,-10.96,False,1068.46,20.000299495350333,2026-01,2026Q1
2026-01-20,S3,us-west-2,37.16,3090.06,0.0,618.01,True,100,False,0.0,Optimal,0.0,Glacier,Optimized,DevOps,Staging,18021,171.47,45000,1500.0,1590.06,106.0,True,2472.05,19.999935276337677,2026-01,2026Q1
2026-01-21,ECS,us-east-1,44.6,3708.26,95.0,185.41,True,100,False,0.0,Upsize,0.0,N/A,N/A,DataScience,Development,167304,22.1648,75000,2500.0,1208.26,48.33,False,3522.8500000000004,4.9999190995237655,2026-01,2026Q1
2026-01-23,Lambda,ap-south-1,10.56,878.3,0.0,175.66,True,100,False,0.0,Optimal,0.0,N/A,N/A,Marketing,Production,190543,4.6095,28000,933.33,-55.03,-5.9,False,702.64,20.0,2026-01,2026Q1
2026-02-02,RDS,ap-south-1,47.81,3975.61,82.84,682.29,True,100,True,90.81,Optimal,0.0,N/A,N/A,Product,Staging,306271,12.9807,110000,3666.67,308.94,8.43,False,3293.32,17.1618946526445,2026-02,2026Q1
2026-02-03,S3,us-west-2,29.47,2450.28,0.0,490.06,False,0,False,0.0,Optimal,0.0,Glacier,Optimized,Engineering,Development,28765,85.1828,45000,1500.0,950.28,63.35,False,1960.2200000000003,20.00016324664936,2026-02,2026Q1
2026-02-05,S3,us-west-2,36.05,2997.37,0.0,599.47,False,0,False,0.0,Optimal,899.21,Standard,Move to IA/Glacier,Marketing,Production,83570,35.8666,45000,1500.0,1497.37,99.82,False,2397.8999999999996,19.999866549675215,2026-02,2026Q1
2026-02-08,ECS,ap-south-1,54.66,4545.36,95.0,227.27,True,100,False,0.0,Upsize,0.0,N/A,N/A,DevOps,Development,95701,47.4954,75000,2500.0,2045.36,81.81,False,4318.089999999999,5.000044000915219,2026-02,2026Q1
2026-02-10,Lambda,us-west-2,16.94,1408.49,0.0,281.7,True,100,False,0.0,Optimal,0.0,N/A,N/A,Marketing,Production,76028,18.526,28000,933.33,475.16,50.91,False,1126.79,20.00014199603831,2026-02,2026Q1
2026-02-26,RDS,ap-south-1,52.52,4366.68,90.0,436.67,True,100,False,0.0,Optimal,0.0,N/A,N/A,Marketing,Production,444805,9.8171,110000,3666.67,700.02,19.09,False,3930.01,10.000045801386866,2026-02,2026Q1
2026-03-02,RDS,ap-south-1,96.21,7999.63,90.0,799.96,True,100,True,94.94,Optimal,0.0,N/A,N/A,Engineering,Production,301026,26.5745,110000,3666.67,4332.96,118.17,True,7199.67,9.999962498265544,2026-03,2026Q1
2026-03-03,S3,ap-south-1,22.4,1862.36,0.0,372.47,True,100,False,0.0,Optimal,0.0,Glacier,Optimized,Product,Production,12323,151.1291,45000,1500.0,362.36,24.16,False,1489.8899999999999,19.99989260937735,2026-03,2026Q1
2026-03-04,S3,us-east-1,29.85,2482.22,0.0,496.44,True,100,False,0.0,Optimal,744.67,Standard,Move to IA/Glacier,DevOps,Testing,59457,41.7481,45000,1500.0,982.22,65.48,False,1985.7799999999997,19.999838853929145,2026-03,2026Q1
2026-03-10,RDS,us-east-1,78.15,6498.31,73.67,1711.04,True,100,True,86.37,Optimal,0.0,N/A,N/A,DataScience,Staging,186415,34.8593,110000,3666.67,2831.64,77.23,False,4787.27,26.330538247636692,2026-03,2026Q1
2026-03-11,EC2,us-east-1,110.7,9204.9,85.29,1354.2,True,100,True,85.8,Optimal,0.0,N/A,N/A,DataScience,Development,118970,77.3716,140000,4666.67,4538.23,97.25,False,7850.7,14.711729622266404,2026-03,2026Q1
2026-03-13,Lambda,ap-south-1,19.81,1646.84,0.0,329.37,False,0,False,0.0,Optimal,0.0,N/A,N/A,Engineering,Production,71337,23.0854,28000,933.33,713.51,76.45,False,1317.4699999999998,20.000121444706227,2026-03,2026Q1
2026-03-19,Lambda,us-west-2,20.24,1683.26,0.0,336.65,True,100,False,0.0,Optimal,0.0,N/A,N/A,Product,Production,65156,25.8343,28000,933.33,749.92,80.35,False,1346.6100000000001,19.999881182942623,2026-03,2026Q1
2026-03-22,RDS,ap-south-1,72.87,6058.88,81.74,1106.11,False,0,False,0.0,Optimal,0.0,N/A,N/A,Marketing,Staging,222501,27.2308,110000,3666.67,2392.21,65.24,False,4952.77,18.256014312876307,2026-03,2026Q1
2026-03-23,Lambda,us-west-2,22.93,1906.88,0.0,381.38,True,100,False,0.0,Optimal,0.0,N/A,N/A,DataScience,Staging,113912,16.7399,28000,933.33,973.55,104.31,False,1525.5,20.000209766739385,2026-03,2026Q1
2026-03-30,RDS,ap-south-1,58.15,4835.53,76.19,1151.29,True,100,False,0.0,Optimal,0.0,N/A,N/A,Engineering,Development,407721,11.8599,110000,3666.67,1168.87,31.88,False,3684.24,23.80897233602108,2026-03,2026Q1
2026-03-31,EC2,us-west-2,109.77,9127.67,52.1,4372.01,True,100,True,85.25,Optimal,0.0,N/A,N/A,DataScience,Production,164043,55.6419,140000,4666.67,4461.0,95.59,False,4755.66,47.89842314632322,2026-03,2026Q1
2026-04-06,RDS,ap-south-1,87.18,7249.08,70.19,2161.09,True,100,True,97.69,Optimal,0.0,N/A,N/A,Product,Development,483830,14.9827,110000,3666.67,3582.41,97.7,False,5087.99,29.811920961004706,2026-04,2026Q2
2026-04-14,Lambda,us-east-1,18.1,1504.72,0.0,300.94,True,100,False,0.0,Optimal,0.0,N/A,N/A,Product,Production,132193,11.3827,28000,933.33,571.38,61.22,False,1203.78,19.99973416981232,2026-04,2026Q2
2026-05-01,RDS,us-east-1,119.26,9916.24,65.86,3385.6,True,100,True,89.22,Optimal,0.0,N/A,N/A,Marketing,Development,290407,34.146,110000,3666.67,6249.57,170.44,False,6530.639999999999,34.14197316724888,2026-05,2026Q2
2026-05-05,RDS,us-west-2,100.83,8384.03,77.03,1926.06,True,100,True,95.21,Optimal,0.0,N/A,N/A,Product,Development,482133,17.3895,110000,3666.67,4717.37,128.66,False,6457.970000000001,22.972961690261126,2026-05,2026Q2
2026-05-27,ECS,ap-south-1,57.03,4742.43,95.0,237.12,True,100,False,0.0,Upsize,0.0,N/A,N/A,DevOps,Production,176130,26.9257,75000,2500.0,2242.43,89.7,False,4505.31,4.999968370645429,2026-05,2026Q2
2026-05-29,Lambda,ap-south-1,29.13,2421.99,0.0,484.4,True,100,False,0.0,Optimal,0.0,N/A,N/A,Product,Testing,119221,20.3151,28000,933.33,1488.66,159.5,False,1937.5899999999997,20.000082576724097,2026-05,2026Q2
2026-06-01,Lambda,ap-south-1,30.86,2565.86,0.0,513.17,True,100,False,0.0,Optimal,0.0,N/A,N/A,Marketing,Staging,142090,18.058,28000,933.33,1632.52,174.91,False,2052.69,19.99992205342458,2026-06,2026Q2
2026-06-02,RDS,ap-south-1,119.97,9975.75,65.05,3486.04,True,100,True,94.59,Optimal,0.0,N/A,N/A,Marketing,Staging,372091,26.81,110000,3666.67,6309.09,172.07,False,6489.71,34.9451419692755,2026-06,2026Q2
2026-06-04,Lambda,us-west-2,25.5,2120.26,0.0,424.05,True,100,False,0.0,Optimal,0.0,N/A,N/A,DataScience,Production,193475,10.9588,28000,933.33,1186.93,127.17,False,1696.2100000000003,19.999905671945893,2026-06,2026Q2
2026-06-08,S3,ap-south-1,42.38,3524.07,0.0,704.81,True,100,False,0.0,Optimal,0.0,IA,Optimized,DataScience,Production,36688,96.0551,45000,1500.0,2024.07,134.94,False,2819.26,19.99988649487666,2026-06,2026Q2
2026-06-15,S3,us-west-2,54.33,4517.2,0.0,903.44,True,100,False,0.0,Optimal,1355.16,Standard,Move to IA/Glacier,DevOps,Production,25669,175.979,45000,1500.0,3017.2,201.15,False,3613.7599999999998,20.0,2026-06,2026Q2
2026-06-16,RDS,us-west-2,96.92,8059.28,66.52,2697.98,True,100,False,0.0,Optimal,0.0,N/A,N/A,DevOps,Production,108377,74.3634,110000,3666.67,4392.61,119.8,False,5361.299999999999,33.4766877438183,2026-06,2026Q2
2026-06-24,S3,ap-south-1,48.29,4015.07,0.0,803.01,True,100,False,0.0,Optimal,1204.52,Standard,Move to IA/Glacier,DataScience,Production,28511,140.8252,45000,1500.0,2515.07,167.67,False,3212.0600000000004,19.999900375335923,2026-06,2026Q2
2026-06-25,RDS,us-east-1,89.41,7434.03,67.57,2410.8,True,100,False,0.0,Optimal,0.0,N/A,N/A,Marketing,Staging,312120,23.8178,110000,3666.67,3767.36,102.75,False,5023.23,32.42924766243881,2026-06,2026Q2
2026-06-29,RDS,ap-south-1,85.89,7141.78,90.0,714.18,True,100,True,94.72,Optimal,0.0,N/A,N/A,DataScience,Development,362591,19.6965,110000,3666.67,3475.12,94.78,False,6427.599999999999,10.000028004223037,2026-06,2026Q2
2026-07-03,EC2,us-west-2,154.84,12875.27,59.87,5166.33,True,100,False,0.0,Optimal,0.0,N/A,N/A,Marketing,Production,105825,121.6657,140000,4666.67,8208.6,175.9,False,7708.9400000000005,40.125993474311606,2026-07,2026Q3
2026-07-15,S3,ap-south-1,26.48,2202.22,0.0,440.44,True,100,False,0.0,Optimal,0.0,IA,Optimized,Marketing,Testing,31662,69.5539,45000,1500.0,702.22,46.81,False,1761.7799999999997,19.999818365104304,2026-07,2026Q3
2026-07-24,EC2,us-east-1,78.14,6497.19,59.81,2611.26,True,100,False,0.0,Optimal,0.0,N/A,N/A,Marketing,Staging,92886,69.948,140000,4666.67,1830.52,39.23,False,3885.9299999999994,40.19060547713704,2026-07,2026Q3
2026-08-14,Lambda,ap-south-1,22.9,1904.12,0.0,380.82,True,100,False,0.0,Optimal,0.0,N/A,N/A,Engineering,Testing,87836,21.6781,28000,933.33,970.79,104.01,False,1523.3,19.999789929206145,2026-08,2026Q3
2026-08-16,ECS,us-west-2,66.12,5498.02,95.0,274.9,True,100,False,0.0,Upsize,0.0,N/A,N/A,Marketing,Development,159273,34.5195,75000,2500.0,2998.02,119.92,False,5223.120000000001,4.999981811634005,2026-08,2026Q3
2026-08-20,EC2,us-west-2,130.87,10881.94,63.27,3997.1,True,100,False,0.0,Optimal,0.0,N/A,N/A,DevOps,Testing,56476,192.6826,140000,4666.67,6215.27,133.18,False,6884.84,36.731501919694466,2026-08,2026Q3
2026-08-22,Lambda,us-west-2,28.26,2350.08,0.0,470.02,True,100,False,0.0,Optimal,0.0,N/A,N/A,Product,Production,158896,14.79,28000,933.33,1416.75,151.79,False,1880.06,20.000170206971678,2026-08,2026Q3
2026-08-28,ECS,ap-south-1,47.55,3954.19,91.33,342.9,True,100,False,0.0,Upsize,0.0,N/A,N/A,DataScience,Development,131335,30.1076,75000,2500.0,1454.19,58.17,False,3611.29,8.67181394925383,2026-08,2026Q3
2026-09-01,Lambda,us-east-1,23.49,1953.6,0.0,390.72,True,100,False,0.0,Optimal,0.0,N/A,N/A,DevOps,Staging,94632,20.6442,28000,933.33,1020.27,109.31,False,1562.8799999999999,20.0,2026-09,2026Q3
2026-09-04,Lambda,us-west-2,29.72,2470.82,0.0,494.16,True,100,False,0.0,Optimal,0.0,N/A,N/A,Engineering,Staging,164168,15.0506,28000,933.33,1537.49,164.73,True,1976.66,19.99983811042488,2026-09,2026Q3
2026-09-11,Lambda,us-west-2,23.58,1960.46,0.0,392.09,True,100,False,0.0,Optimal,0.0,N/A,N/A,Marketing,Production,51399,38.1421,28000,933.33,1027.13,110.05,False,1568.3700000000001,19.99989798312641,2026-09,2026Q3
2026-09-13,RDS,us-west-2,97.09,8072.65,90.0,807.26,True,100,True,95.4,Optimal,0.0,N/A,N/A,DataScience,Production,322033,25.0678,110000,3666.67,4405.98,120.16,False,7265.389999999999,9.999938062470193,2026-09,2026Q3
2026-09-15,ECS,ap-south-1,37.89,3150.8,95.0,157.54,True,100,False,0.0,Upsize,0.0,N/A,N/A,Engineering,Production,103307,30.4994,75000,2500.0,650.8,26.03,False,2993.26,5.0,2026-09,2026Q3
2026-09-18,Lambda,ap-south-1,19.32,1606.53,0.0,321.31,True,100,False,0.0,Optimal,0.0,N/A,N/A,Product,Development,55296,29.0533,28000,933.33,673.2,72.13,False,1285.22,20.000248983834727,2026-09,2026Q3
2026-10-09,EC2,us-east-1,116.72,9704.9,95.0,485.24,True,100,False,0.0,Upsize,0.0,N/A,N/A,Marketing,Production,99039,97.9907,140000,4666.67,5038.23,107.96,True,9219.66,4.999948479634,2026-10,2026Q4
2026-10-23,RDS,us-west-2,56.74,4718.21,90.0,471.82,False,0,True,90.83,Optimal,0.0,N/A,N/A,DataScience,Development,454478,10.3816,110000,3666.67,1051.55,28.68,False,4246.39,9.999978805521586,2026-10,2026Q4
2026-10-30,EC2,us-west-2,59.53,4950.3,87.13,636.86,True,100,True,94.04,Optimal,0.0,N/A,N/A,Marketing,Production,142938,34.6325,140000,4666.67,283.63,6.08,False,4313.4400000000005,12.865078884108033,2026-10,2026Q4
2026-11-04,S3,us-east-1,32.85,2731.39,0.0,546.28,True,100,False,0.0,Optimal,0.0,IA,Optimized,DevOps,Staging,53287,51.258,45000,1500.0,1231.39,82.09,True,2185.1099999999997,20.000073222791325,2026-11,2026Q4
2026-11-08,S3,us-west-2,20.49,1703.88,0.0,340.78,True,100,False,0.0,Optimal,0.0,IA,Optimized,Marketing,Production,62198,27.3945,45000,1500.0,203.88,13.59,False,1363.1000000000001,20.00023475831631,2026-11,2026Q4
2026-11-11,S3,us-east-1,37.22,3095.08,0.0,619.02,True,100,False,0.0,Optimal,0.0,IA,Optimized,Engineering,Staging,82449,37.5393,45000,1500.0,1595.08,106.34,True,2476.06,20.000129237370277,2026-11,2026Q4
2026-11-28,ECS,us-east-1,57.36,4769.63,84.37,745.36,True,100,False,0.0,Optimal,0.0,N/A,N/A,DevOps,Production,61558,77.482,75000,2500.0,2269.63,90.79,True,4024.27,15.627207980493246,2026-11,2026Q4
2026-11-30,RDS,ap-south-1,46.1,3833.6,90.0,383.36,True,100,False,0.0,Optimal,0.0,N/A,N/A,Engineering,Staging,276079,13.8859,110000,3666.67,166.93,4.55,False,3450.24,10.0,2026-11,2026Q4
2026-12-03,EC2,us-east-1,53.94,4485.14,63.11,1654.57,True,100,True,86.15,Optimal,0.0,N/A,N/A,DataScience,Production,139733,32.0979,140000,4666.67,-181.53,-3.89,False,2830.5700000000006,36.89004133650231,2026-12,2026Q4
